TimeStamp,Record,Zone,Latitude,Longitude,Moisture,Period,Attenuation,Permittivity,Probe Model,Sensor
6/7/2017 7:42,2924,ZONE 00033,38.71804,-97.43562,27.9,1.544,1.4252,15.2103,CD659 12cm rods,3569
6/7/2017 7:43,2925,ZONE 00033,38.71782,-97.43562,23.88,1.4841,1.3226,12.7475,CD659 12cm rods,3569
6/7/2017 7:43,2926,ZONE 00033,38.71764,-97.43561,23.49,1.4784,1.3172,12.5231,CD659 12cm rods,3569
6/7/2017 7:44,2927,ZONE 00033,38.71745,-97.43561,23.17,1.4739,1.3162,12.3409,CD659 12cm rods,3569
6/7/2017 7:44,2928,ZONE 00033,38.71726,-97.4356,30.81,1.5869,1.4547,17.1778,CD659 12cm rods,3569
6/7/2017 7:45,2929,"ZONE 00028, ZONE 00033",38.71707,-97.43561,27.72,1.5406,1.394,15.0914,CD659 12cm rods,3569
6/7/2017 7:45,2930,"ZONE 00028, ZONE 00033",38.71689,-97.43561,31.26,1.5937,1.4599,17.4988,CD659 12cm rods,3569
6/7/2017 7:46,2931,ZONE 00028,38.71671,-97.43562,28.1,1.5462,1.4016,15.3376,CD659 12cm rods,3569
6/7/2017 7:46,2932,ZONE 00028,38.71653,-97.43562,25.67,1.5112,1.3871,13.8083,CD659 12cm rods,3569
6/7/2017 7:46,2933,ZONE 00028,38.71635,-97.43562,27.88,1.5428,1.3912,15.1955,CD659 12cm rods,3569
6/7/2017 7:47,2934,ZONE 00028,38.71616,-97.43561,28.94,1.5587,1.4108,15.8942,CD659 12cm rods,3569
6/7/2017 7:47,2935,"ZONE 00025, ZONE 00028",38.71598,-97.43561,24.45,1.492,1.3169,13.0807,CD659 12cm rods,3569
6/7/2017 7:48,2936,"ZONE 00025, ZONE 00026, ZONE 00028",38.71579,-97.43561,31.77,1.6016,1.4716,17.8725,CD659 12cm rods,3569
6/7/2017 7:48,2937,"ZONE 00025, ZONE 00026",38.71562,-97.43561,27,1.5304,1.3967,14.636,CD659 12cm rods,3569
6/7/2017 7:49,2938,"ZONE 00025, ZONE 00026",38.71543,-97.4356,25.93,1.5146,1.3743,13.9703,CD659 12cm rods,3569
6/7/2017 7:49,2939,ZONE 00025,38.71525,-97.43559,26.32,1.5202,1.3802,14.2084,CD659 12cm rods,3569
6/7/2017 7:50,2940,"ZONE 00022, ZONE 00025",38.71506,-97.4356,27.15,1.5315,1.358,14.7262,CD659 12cm rods,3569
6/7/2017 7:50,2941,"ZONE 00022, ZONE 00025",38.71487,-97.4356,26.28,1.5191,1.3572,14.185,CD659 12cm rods,3569
6/7/2017 7:50,2942,ZONE 00022,38.71469,-97.4356,23.5,1.4784,1.3107,12.5313,CD659 12cm rods,3569
6/7/2017 7:51,2943,ZONE 00022,38.71451,-97.4356,21.46,1.4479,1.2581,11.39,CD659 12cm rods,3569
6/7/2017 7:51,2944,"ZONE 00017, ZONE 00022",38.71433,-97.4356,22.39,1.4615,1.2701,11.9032,CD659 12cm rods,3569
6/7/2017 7:52,2945,"ZONE 00017, ZONE 00022",38.71415,-97.4356,21.31,1.4456,1.2523,11.3106,CD659 12cm rods,3569
6/7/2017 7:52,2946,"ZONE 00017, ZONE 00022",38.71397,-97.4356,20.07,1.4264,1.2084,10.6443,CD659 12cm rods,3569
6/7/2017 7:53,2947,ZONE 00017,38.71379,-97.43559,17.9,1.3936,1.1646,9.529,CD659 12cm rods,3569
6/7/2017 7:53,2948,"ZONE 00016, ZONE 00017",38.71361,-97.43559,18.41,1.4015,1.1797,9.7848,CD659 12cm rods,3569
6/7/2017 7:54,2949,ZONE 00017,38.71342,-97.43559,19.4,1.4162,1.1935,10.2917,CD659 12cm rods,3569
6/7/2017 7:54,2950,ZONE 00017,38.71326,-97.43559,18.62,1.4049,1.1888,9.8922,CD659 12cm rods,3569
6/7/2017 7:54,2951,ZONE 00014,38.71308,-97.43559,23.86,1.4818,1.2501,12.7358,CD659 12cm rods,3569
6/7/2017 7:55,2952,"ZONE 00014, ZONE 00015",38.7129,-97.43559,24.81,1.4965,1.2904,13.2966,CD659 12cm rods,3569
6/7/2017 7:55,2953,"ZONE 00014, ZONE 00015",38.71271,-97.43559,23.25,1.4739,1.2775,12.3886,CD659 12cm rods,3569
6/7/2017 7:56,2954,"ZONE 00014, ZONE 00015",38.71253,-97.43559,26.27,1.5191,1.3659,14.1754,CD659 12cm rods,3569
6/7/2017 7:56,2955,"ZONE 00012, ZONE 00014, ZONE 00015",38.71236,-97.43559,25.21,1.5033,1.3343,13.5337,CD659 12cm rods,3569
6/7/2017 7:57,2956,"ZONE 00012, ZONE 00014",38.71218,-97.43559,27.6,1.5394,1.4186,15.0141,CD659 12cm rods,3569
6/7/2017 7:57,2957,ZONE 00012,38.71198,-97.43558,33.06,1.6242,1.6376,18.8336,CD659 12cm rods,3569
6/7/2017 7:57,2958,ZONE 00012,38.71181,-97.43559,26.84,1.527,1.3525,14.5335,CD659 12cm rods,3569
6/7/2017 7:58,2959,ZONE 00012,38.71164,-97.43559,26.02,1.5146,1.326,14.0226,CD659 12cm rods,3569
6/7/2017 7:58,2960,"ZONE 00007, ZONE 00012",38.71146,-97.43559,22.52,1.4626,1.2445,11.9777,CD659 12cm rods,3569
6/7/2017 7:59,2961,"ZONE 00007, ZONE 00008, ZONE 00012",38.71129,-97.43559,23.92,1.4841,1.3008,12.7736,CD659 12cm rods,3569
6/7/2017 7:59,2962,"ZONE 00007, ZONE 00008",38.71111,-97.43559,23.18,1.4739,1.3088,12.3504,CD659 12cm rods,3569
6/7/2017 8:00,2963,"ZONE 00007, ZONE 00008",38.71093,-97.43559,19.2,1.4174,1.2888,10.188,CD659 12cm rods,3569
6/7/2017 8:00,2964,ZONE 00007,38.7109,-97.43584,20.92,1.4411,1.2806,11.0979,CD659 12cm rods,3569
6/7/2017 8:01,2965,ZONE 00007,38.71109,-97.43584,19.38,1.4162,1.2002,10.2827,CD659 12cm rods,3569
6/7/2017 8:01,2966,"ZONE 00007, ZONE 00012",38.71127,-97.43584,20.64,1.4343,1.2008,10.9474,CD659 12cm rods,3569
6/7/2017 8:02,2967,"ZONE 00007, ZONE 00012",38.71146,-97.43584,22.67,1.466,1.2897,12.0576,CD659 12cm rods,3569
6/7/2017 8:02,2968,"ZONE 00007, ZONE 00012, ZONE 00013",38.71163,-97.43584,23.18,1.4728,1.2742,12.3471,CD659 12cm rods,3569
6/7/2017 8:02,2969,"ZONE 00012, ZONE 00013",38.71181,-97.43584,31.88,1.6073,1.6497,17.9515,CD659 12cm rods,3569
6/7/2017 8:03,2970,"ZONE 00012, ZONE 00013",38.71199,-97.43585,31.64,1.6016,1.5698,17.7753,CD659 12cm rods,3569
6/7/2017 8:03,2971,"ZONE 00012, ZONE 00013, ZONE 00014",38.71217,-97.43584,25.27,1.5044,1.3455,13.5687,CD659 12cm rods,3569
6/7/2017 8:04,2972,"ZONE 00012, ZONE 00014",38.71237,-97.43585,22.76,1.4671,1.2815,12.1128,CD659 12cm rods,3569
6/7/2017 8:04,2973,ZONE 00014,38.71254,-97.43585,24.76,1.4965,1.3214,13.2636,CD659 12cm rods,3569
6/7/2017 8:05,2974,ZONE 00014,38.71272,-97.43585,24.69,1.4965,1.3549,13.2235,CD659 12cm rods,3569
6/7/2017 8:05,2975,ZONE 00014,38.7129,-97.43584,23.62,1.4795,1.2905,12.6015,CD659 12cm rods,3569
6/7/2017 8:06,2976,ZONE 00014,38.71308,-97.43584,23.25,1.4728,1.2359,12.3881,CD659 12cm rods,3569
6/7/2017 8:06,2977,"ZONE 00014, ZONE 00017",38.71326,-97.43585,19.26,1.4151,1.2143,10.2221,CD659 12cm rods,3569
6/7/2017 8:06,2978,ZONE 00017,38.71343,-97.43584,19.29,1.4151,1.2043,10.2361,CD659 12cm rods,3569
6/7/2017 8:07,2979,"ZONE 00017, ZONE 00062",38.71361,-97.43585,14.99,1.3507,1.1508,8.1106,CD659 12cm rods,3569
6/7/2017 8:07,2980,ZONE 00017,38.7138,-97.43586,15.46,1.3575,1.1504,8.3316,CD659 12cm rods,3569
6/7/2017 8:08,2981,ZONE 00017,38.71397,-97.43586,19.04,1.4117,1.2084,10.1075,CD659 12cm rods,3569
6/7/2017 8:08,2982,"ZONE 00017, ZONE 00022",38.71414,-97.43585,23.91,1.4829,1.266,12.7655,CD659 12cm rods,3569
6/7/2017 8:09,2983,"ZONE 00017, ZONE 00021, ZONE 00022",38.71432,-97.43587,24.95,1.4988,1.3004,13.3805,CD659 12cm rods,3569
6/7/2017 8:09,2984,"ZONE 00017, ZONE 00021, ZONE 00022",38.7145,-97.43586,25.5,1.5067,1.3014,13.7108,CD659 12cm rods,3569
6/7/2017 8:10,2985,"ZONE 00021, ZONE 00022",38.71468,-97.43586,25.58,1.5078,1.3017,13.7581,CD659 12cm rods,3569
6/7/2017 8:10,2986,"ZONE 00021, ZONE 00022, ZONE 00025",38.71485,-97.43585,24.92,1.4988,1.3215,13.358,CD659 12cm rods,3569
6/7/2017 8:10,2987,"ZONE 00022, ZONE 00025",38.71503,-97.43585,28.21,1.5474,1.3774,15.4115,CD659 12cm rods,3569
6/7/2017 8:11,2988,ZONE 00025,38.71523,-97.43585,25.17,1.5021,1.3125,13.5097,CD659 12cm rods,3569
6/7/2017 8:11,2989,ZONE 00025,38.71541,-97.43585,28.94,1.5587,1.4107,15.8943,CD659 12cm rods,3569
6/7/2017 8:12,2990,ZONE 00025,38.71558,-97.43585,28.51,1.553,1.4398,15.6057,CD659 12cm rods,3569
6/7/2017 8:12,2991,"ZONE 00025, ZONE 00028",38.71575,-97.43585,28.06,1.5462,1.4245,15.3135,CD659 12cm rods,3569
6/7/2017 8:13,2992,"ZONE 00025, ZONE 00028",38.71592,-97.43585,26.87,1.5281,1.3831,14.5514,CD659 12cm rods,3569
6/7/2017 8:14,2993,"ZONE 00025, ZONE 00028, ZONE 00029",38.7161,-97.43586,28.34,1.5496,1.4001,15.4923,CD659 12cm rods,3569
6/7/2017 8:14,2994,"ZONE 00028, ZONE 00029",38.71628,-97.43585,27.87,1.5428,1.3972,15.1894,CD659 12cm rods,3569
6/7/2017 8:15,2995,"ZONE 00028, ZONE 00029",38.71646,-97.43585,24.9,1.4988,1.3315,13.3467,CD659 12cm rods,3569
6/7/2017 8:15,2996,"ZONE 00028, ZONE 00029",38.71663,-97.43585,30.14,1.5767,1.4411,16.7071,CD659 12cm rods,3569
6/7/2017 8:15,2997,"ZONE 00028, ZONE 00033",38.71681,-97.43585,33.38,1.6265,1.4978,19.0837,CD659 12cm rods,3569
6/7/2017 8:16,2998,"ZONE 00028, ZONE 00033",38.71698,-97.43585,31.85,1.6027,1.473,17.9265,CD659 12cm rods,3569
6/7/2017 8:16,2999,ZONE 00033,38.71715,-97.43584,28.16,1.5462,1.3574,15.3781,CD659 12cm rods,3569
6/7/2017 8:17,3000,"ZONE 00032, ZONE 00033",38.71734,-97.43585,32.72,1.6152,1.4008,18.5752,CD659 12cm rods,3569
6/7/2017 8:17,3001,"ZONE 00032, ZONE 00033",38.71752,-97.43585,27.01,1.5304,1.3946,14.6382,CD659 12cm rods,3569
6/7/2017 8:17,3002,ZONE 00033,38.7177,-97.43585,23.95,1.4852,1.3254,12.7905,CD659 12cm rods,3569
6/7/2017 8:18,3003,ZONE 00033,38.71788,-97.43586,27.96,1.5428,1.3291,15.2494,CD659 12cm rods,3569
6/7/2017 8:18,3004,ZONE 00033,38.71802,-97.43585,22.59,1.4682,1.3829,12.0128,CD659 12cm rods,3569
6/7/2017 8:19,3005,ZONE 00033,38.71802,-97.4361,27.09,1.5338,1.4734,14.6896,CD659 12cm rods,3569
6/7/2017 8:20,3006,"ZONE 00032, ZONE 00033",38.71784,-97.4361,28.92,1.5587,1.4255,15.8801,CD659 12cm rods,3569
6/7/2017 8:20,3007,"ZONE 00032, ZONE 00033",38.71768,-97.4361,26.36,1.5202,1.3597,14.2312,CD659 12cm rods,3569
6/7/2017 8:21,3008,"ZONE 00032, ZONE 00033",38.7175,-97.43609,30.42,1.5813,1.4622,16.9018,CD659 12cm rods,3569
6/7/2017 8:21,3009,"ZONE 00032, ZONE 00033",38.71732,-97.4361,30.34,1.5801,1.4637,16.8467,CD659 12cm rods,3569
6/7/2017 8:22,3010,"ZONE 00032, ZONE 00033",38.71714,-97.43609,24.7,1.4965,1.3484,13.2317,CD659 12cm rods,3569
6/7/2017 8:22,3011,"ZONE 00029, ZONE 00032, ZONE 00033",38.71696,-97.43609,28.3,1.5507,1.4698,15.4666,CD659 12cm rods,3569
6/7/2017 8:22,3012,"ZONE 00028, ZONE 00029, ZONE 00033",38.71679,-97.43609,26.16,1.518,1.379,14.1116,CD659 12cm rods,3569
6/7/2017 8:23,3013,"ZONE 00028, ZONE 00029",38.71662,-97.4361,28.77,1.5564,1.4255,15.7762,CD659 12cm rods,3569
6/7/2017 8:23,3014,"ZONE 00028, ZONE 00029",38.71644,-97.4361,27.56,1.5372,1.3448,14.987,CD659 12cm rods,3569
6/7/2017 8:24,3015,"ZONE 00028, ZONE 00029",38.71627,-97.43609,28.12,1.5462,1.3885,15.3504,CD659 12cm rods,3569
6/7/2017 8:24,3016,"ZONE 00025, ZONE 00028, ZONE 00029",38.71609,-97.4361,28.01,1.5451,1.4106,15.2773,CD659 12cm rods,3569
6/7/2017 8:25,3017,"ZONE 00025, ZONE 00028, ZONE 00029",38.71592,-97.43609,27.1,1.5327,1.4318,14.6945,CD659 12cm rods,3569
6/7/2017 8:25,3018,ZONE 00025,38.71576,-97.43609,28.37,1.5519,1.4734,15.5141,CD659 12cm rods,3569
6/7/2017 8:26,3019,ZONE 00025,38.71558,-97.43608,28.87,1.5587,1.4568,15.8471,CD659 12cm rods,3569
6/7/2017 8:26,3020,ZONE 00025,38.71541,-97.43608,24.54,1.4942,1.3484,13.1369,CD659 12cm rods,3569
6/7/2017 8:27,3021,ZONE 00025,38.71523,-97.43607,29.87,1.5722,1.4107,16.5212,CD659 12cm rods,3569
6/7/2017 8:27,3022,"ZONE 00021, ZONE 00025",38.71506,-97.43606,30.17,1.5767,1.414,16.7298,CD659 12cm rods,3569
6/7/2017 8:28,3023,"ZONE 00021, ZONE 00025",38.71487,-97.43607,26.21,1.518,1.3536,14.1399,CD659 12cm rods,3569
6/7/2017 8:28,3024,"ZONE 00021, ZONE 00022",38.71471,-97.43607,26.66,1.5247,1.3639,14.4234,CD659 12cm rods,3569
6/7/2017 8:29,3025,"ZONE 00021, ZONE 00022",38.71453,-97.43608,26.01,1.5146,1.3276,14.0209,CD659 12cm rods,3569
6/7/2017 8:29,3026,"ZONE 00017, ZONE 00021",38.71436,-97.43608,31.23,1.5926,1.4176,17.4756,CD659 12cm rods,3569
6/7/2017 8:30,3027,"ZONE 00017, ZONE 00021",38.71419,-97.43607,27.45,1.5361,1.3626,14.9212,CD659 12cm rods,3569
6/7/2017 8:30,3028,"ZONE 00017, ZONE 00062",38.71402,-97.43608,27.28,1.5338,1.3754,14.8087,CD659 12cm rods,3569
6/7/2017 8:31,3029,"ZONE 00017, ZONE 00062",38.71384,-97.43609,24.34,1.4908,1.3298,13.0186,CD659 12cm rods,3569
6/7/2017 8:31,3030,"ZONE 00017, ZONE 00062",38.71368,-97.43607,24.72,1.4954,1.3,13.2399,CD659 12cm rods,3569
6/7/2017 8:31,3031,"ZONE 00017, ZONE 00062",38.7135,-97.43607,18.96,1.4095,1.1792,10.0667,CD659 12cm rods,3569
6/7/2017 8:32,3032,"ZONE 00014, ZONE 00017, ZONE 00062",38.71333,-97.43607,17.63,1.3914,1.2037,9.391101,CD659 12cm rods,3569
6/7/2017 8:32,3033,ZONE 00014,38.71312,-97.43608,15.38,1.3597,1.2117,8.2955,CD659 12cm rods,3569
6/7/2017 8:33,3034,ZONE 00014,38.71296,-97.43608,30.64,1.5824,1.2937,17.0547,CD659 12cm rods,3569
6/7/2017 8:33,3035,ZONE 00014,38.7128,-97.43608,23.77,1.4818,1.2969,12.6859,CD659 12cm rods,3569
6/7/2017 8:33,3036,ZONE 00014,38.71263,-97.43607,28.7,1.5541,1.3618,15.7302,CD659 12cm rods,3569
6/7/2017 8:47,3037,ZONE 00014,38.71246,-97.43608,27.26,1.5327,1.3368,14.7952,CD659 12cm rods,3569
6/7/2017 8:47,3038,"ZONE 00012, ZONE 00013, ZONE 00014",38.71229,-97.43608,29.31,1.5632,1.3606,16.1417,CD659 12cm rods,3569
6/7/2017 8:48,3039,"ZONE 00012, ZONE 00013, ZONE 00014",38.71212,-97.43608,28.66,1.5541,1.3892,15.7075,CD659 12cm rods,3569
6/7/2017 8:48,3040,"ZONE 00012, ZONE 00013",38.71191,-97.43608,26.69,1.5247,1.3455,14.442,CD659 12cm rods,3569
6/7/2017 8:49,3041,"ZONE 00012, ZONE 00013",38.71174,-97.43607,22.24,1.4592,1.2636,11.8224,CD659 12cm rods,3569
6/7/2017 8:49,3042,"ZONE 00007, ZONE 00012, ZONE 00013",38.71156,-97.43608,21.48,1.449,1.2825,11.4006,CD659 12cm rods,3569
6/7/2017 8:49,3043,"ZONE 00007, ZONE 00012, ZONE 00013",38.71138,-97.43608,20.5,1.4366,1.3119,10.8758,CD659 12cm rods,3569
6/7/2017 8:50,3044,"ZONE 00006, ZONE 00007",38.71121,-97.43608,17.6,1.3902,1.1889,9.375,CD659 12cm rods,3569
6/7/2017 8:50,3045,"ZONE 00006, ZONE 00007",38.71104,-97.4361,18.32,1.3993,1.1552,9.7389,CD659 12cm rods,3569
6/7/2017 8:51,3046,"ZONE 00006, ZONE 00007",38.71089,-97.4361,17.49,1.3925,1.2667,9.322201,CD659 12cm rods,3569
6/7/2017 8:52,3047,"ZONE 00006, ZONE 00007",38.7109,-97.43633,17.42,1.3902,1.2428,9.2853,CD659 12cm rods,3569
6/7/2017 8:52,3048,"ZONE 00006, ZONE 00007",38.71106,-97.43634,18.3,1.4004,1.1889,9.7317,CD659 12cm rods,3569
6/7/2017 8:53,3049,"ZONE 00006, ZONE 00007, ZONE 00013",38.71123,-97.43633,24.73,1.4965,1.3365,13.2461,CD659 12cm rods,3569
6/7/2017 8:53,3050,"ZONE 00006, ZONE 00007, ZONE 00013",38.71141,-97.43633,19.07,1.4151,1.2787,10.1215,CD659 12cm rods,3569
6/7/2017 8:54,3051,ZONE 00013,38.71159,-97.43633,21.22,1.4445,1.2557,11.2628,CD659 12cm rods,3569
6/7/2017 8:54,3052,ZONE 00013,38.71176,-97.43635,19.99,1.4253,1.2095,10.6012,CD659 12cm rods,3569
6/7/2017 8:55,3053,ZONE 00013,38.71195,-97.43634,19.41,1.4174,1.2195,10.297,CD659 12cm rods,3569
6/7/2017 8:55,3054,"ZONE 00013, ZONE 00014",38.71212,-97.43634,21.76,1.4513,1.23,11.5553,CD659 12cm rods,3569
6/7/2017 8:56,3055,"ZONE 00013, ZONE 00014",38.7123,-97.43634,22.06,1.4569,1.2752,11.7192,CD659 12cm rods,3569
6/7/2017 8:56,3056,"ZONE 00013, ZONE 00014",38.71247,-97.43633,21.24,1.4434,1.2138,11.2721,CD659 12cm rods,3569
6/7/2017 8:56,3057,ZONE 00014,38.71265,-97.43634,15.4,1.3552,1.1238,8.302,CD659 12cm rods,3569
6/7/2017 8:58,3058,ZONE 00014,38.71282,-97.43635,20.4,1.4309,1.2026,10.8191,CD659 12cm rods,3569
6/7/2017 8:58,3059,"ZONE 00014, ZONE 00062",38.71301,-97.43635,18.71,1.4061,1.1859,9.936599,CD659 12cm rods,3569
6/7/2017 8:58,3060,"ZONE 00014, ZONE 00062",38.71318,-97.43635,15.42,1.3552,1.1179,8.311501,CD659 12cm rods,3569
6/7/2017 8:59,3061,"ZONE 00014, ZONE 00017, ZONE 00062",38.71334,-97.43636,16.67,1.3744,1.1339,8.918,CD659 12cm rods,3569
6/7/2017 8:59,3062,"ZONE 00017, ZONE 00062",38.71354,-97.43636,15.44,1.3563,1.1329,8.324,CD659 12cm rods,3569
6/7/2017 9:00,3063,"ZONE 00017, ZONE 00062",38.71371,-97.43637,22.5,1.4615,1.2137,11.9663,CD659 12cm rods,3569
6/7/2017 9:00,3064,"ZONE 00017, ZONE 00062",38.71388,-97.43636,25.38,1.5044,1.277,13.6384,CD659 12cm rods,3569
6/7/2017 9:01,3065,"ZONE 00017, ZONE 00021, ZONE 00062",38.71405,-97.43636,23.55,1.4784,1.2886,12.5579,CD659 12cm rods,3569
6/7/2017 9:01,3066,"ZONE 00017, ZONE 00021, ZONE 00062",38.71423,-97.43636,25.28,1.5033,1.2961,13.5735,CD659 12cm rods,3569
6/7/2017 9:01,3067,ZONE 00021,38.7144,-97.43636,25.62,1.5089,1.3243,13.7836,CD659 12cm rods,3569
6/7/2017 9:02,3068,ZONE 00021,38.71458,-97.43636,27.54,1.5372,1.3538,14.9792,CD659 12cm rods,3569
6/7/2017 9:02,3069,ZONE 00021,38.71475,-97.43636,28.34,1.5496,1.397,15.4953,CD659 12cm rods,3569
6/7/2017 9:03,3070,"ZONE 00021, ZONE 00025",38.71493,-97.43637,23.71,1.4807,1.2864,12.652,CD659 12cm rods,3569
6/7/2017 9:03,3071,"ZONE 00021, ZONE 00025",38.71512,-97.43636,25.52,1.5078,1.3415,13.7172,CD659 12cm rods,3569
6/7/2017 9:04,3072,ZONE 00025,38.71529,-97.43636,26.35,1.5202,1.365,14.2255,CD659 12cm rods,3569
6/7/2017 9:04,3073,ZONE 00025,38.71547,-97.43636,26.05,1.5157,1.3512,14.0451,CD659 12cm rods,3569
6/7/2017 9:04,3074,ZONE 00025,38.71566,-97.43636,28.8,1.5564,1.4007,15.8001,CD659 12cm rods,3569
6/7/2017 9:05,3075,"ZONE 00025, ZONE 00029",38.71584,-97.43637,23.24,1.475,1.3214,12.3798,CD659 12cm rods,3569
6/7/2017 9:05,3076,ZONE 00029,38.71601,-97.43636,30.01,1.5756,1.4762,16.6199,CD659 12cm rods,3569
6/7/2017 9:06,3077,"ZONE 00028, ZONE 00029",38.71621,-97.43638,27.7,1.5417,1.4479,15.0813,CD659 12cm rods,3569
6/7/2017 9:06,3078,"ZONE 00028, ZONE 00029",38.71638,-97.43637,30.88,1.5869,1.389,17.2252,CD659 12cm rods,3569
6/7/2017 9:07,3079,"ZONE 00028, ZONE 00029",38.71655,-97.43637,27.35,1.5349,1.3763,14.8578,CD659 12cm rods,3569
6/7/2017 9:07,3080,ZONE 00029,38.71674,-97.43637,27.85,1.5428,1.4127,15.1731,CD659 12cm rods,3569
6/7/2017 9:07,3081,"ZONE 00029, ZONE 00032, ZONE 00033",38.71691,-97.43636,29.88,1.5734,1.4621,16.5275,CD659 12cm rods,3569
6/7/2017 9:08,3082,"ZONE 00029, ZONE 00032, ZONE 00033",38.71709,-97.43637,29.25,1.5632,1.4167,16.0968,CD659 12cm rods,3569
6/7/2017 9:08,3083,"ZONE 00032, ZONE 00033",38.71727,-97.43637,27.41,1.5361,1.3885,14.8954,CD659 12cm rods,3569
6/7/2017 9:09,3084,"ZONE 00032, ZONE 00033",38.71745,-97.43637,33.55,1.6299,1.5504,19.2151,CD659 12cm rods,3569
6/7/2017 9:09,3085,"ZONE 00032, ZONE 00033",38.71763,-97.43638,35.67,1.6638,1.6037,20.9371,CD659 12cm rods,3569
6/7/2017 9:10,3086,"ZONE 00032, ZONE 00033",38.7178,-97.43637,30.15,1.5767,1.4322,16.715,CD659 12cm rods,3569
6/7/2017 9:10,3087,ZONE 00032,38.71798,-97.43637,35.1,1.657,1.7155,20.46,CD659 12cm rods,3569
6/7/2017 9:11,3088,ZONE 00032,38.718,-97.43661,37.34,1.6943,1.8114,22.3982,CD659 12cm rods,3569
6/7/2017 9:12,3089,ZONE 00032,38.71784,-97.43661,33.31,1.6265,1.5684,19.0262,CD659 12cm rods,3569
6/7/2017 9:12,3090,"ZONE 00032, ZONE 00033",38.71767,-97.43662,29.32,1.5654,1.4719,16.1457,CD659 12cm rods,3569
6/7/2017 9:13,3091,"ZONE 00032, ZONE 00033",38.71748,-97.43661,25.94,1.5157,1.4074,13.978,CD659 12cm rods,3569
6/7/2017 9:13,3092,"ZONE 00032, ZONE 00033",38.71731,-97.43661,31.23,1.5937,1.4807,17.481,CD659 12cm rods,3569
6/7/2017 9:14,3093,"ZONE 00032, ZONE 00033",38.71714,-97.43661,31.11,1.5926,1.5175,17.3901,CD659 12cm rods,3569
6/7/2017 9:14,3094,"ZONE 00029, ZONE 00032",38.71696,-97.43661,29.28,1.5654,1.4932,16.1208,CD659 12cm rods,3569
6/7/2017 9:15,3095,"ZONE 00029, ZONE 00032",38.71679,-97.43661,24.44,1.4942,1.3914,13.0789,CD659 12cm rods,3569
6/7/2017 9:15,3096,ZONE 00029,38.71661,-97.43661,28.91,1.5587,1.4363,15.8692,CD659 12cm rods,3569
6/7/2017 9:15,3097,ZONE 00029,38.71643,-97.43661,28.09,1.5462,1.4077,15.3314,CD659 12cm rods,3569
6/7/2017 9:16,3098,ZONE 00029,38.71626,-97.43661,29.18,1.5632,1.4627,16.0504,CD659 12cm rods,3569
6/7/2017 9:16,3099,ZONE 00029,38.71608,-97.43661,26.46,1.5225,1.3905,14.295,CD659 12cm rods,3569
6/7/2017 9:17,3100,ZONE 00029,38.7159,-97.43661,25,1.501,1.3603,13.4074,CD659 12cm rods,3569
6/7/2017 9:17,3101,"ZONE 00025, ZONE 00029",38.71572,-97.43661,30.79,1.5869,1.4705,17.1638,CD659 12cm rods,3569
6/7/2017 9:18,3102,ZONE 00025,38.71552,-97.4366,29.71,1.57,1.4159,16.4117,CD659 12cm rods,3569
6/7/2017 9:18,3103,ZONE 00025,38.71535,-97.4366,28.06,1.5451,1.3727,15.3143,CD659 12cm rods,3569
6/7/2017 9:18,3104,"ZONE 00021, ZONE 00025",38.71518,-97.4366,25.78,1.5112,1.3287,13.8752,CD659 12cm rods,3569
6/7/2017 9:19,3105,ZONE 00021,38.71501,-97.4366,27.41,1.5349,1.3383,14.893,CD659 12cm rods,3569
6/7/2017 9:19,3106,ZONE 00021,38.71483,-97.4366,26.56,1.5225,1.3314,14.3574,CD659 12cm rods,3569
6/7/2017 9:20,3107,ZONE 00021,38.71466,-97.4366,27.06,1.5304,1.3603,14.6744,CD659 12cm rods,3569
6/7/2017 9:20,3108,ZONE 00021,38.71447,-97.4366,23.8,1.4818,1.2814,12.7034,CD659 12cm rods,3569
6/7/2017 9:21,3109,"ZONE 00021, ZONE 00062",38.71428,-97.4366,26.47,1.5214,1.3363,14.3039,CD659 12cm rods,3569
6/7/2017 9:21,3110,"ZONE 00017, ZONE 00021, ZONE 00062",38.71411,-97.4366,25.23,1.5033,1.3227,13.5465,CD659 12cm rods,3569
6/7/2017 9:22,3111,"ZONE 00017, ZONE 00021, ZONE 00062",38.71392,-97.4366,26.26,1.518,1.3239,14.1698,CD659 12cm rods,3569
6/7/2017 9:22,3112,"ZONE 00017, ZONE 00062",38.71374,-97.4366,23.4,1.4773,1.3205,12.4729,CD659 12cm rods,3569
6/7/2017 9:23,3113,"ZONE 00017, ZONE 00062",38.71355,-97.4366,18.65,1.4049,1.1793,9.905499,CD659 12cm rods,3569
6/7/2017 9:23,3114,ZONE 00062,38.71338,-97.4366,17.58,1.3902,1.1922,9.369801,CD659 12cm rods,3569
6/7/2017 9:24,3115,"ZONE 00014, ZONE 00062",38.71321,-97.4366,17.71,1.3914,1.1774,9.4317,CD659 12cm rods,3569
6/7/2017 9:24,3116,"ZONE 00014, ZONE 00062",38.71302,-97.4366,19.16,1.4151,1.2477,10.1721,CD659 12cm rods,3569
6/7/2017 9:24,3117,ZONE 00014,38.71284,-97.4366,21.75,1.4569,1.3849,11.5517,CD659 12cm rods,3569
6/7/2017 9:25,3118,ZONE 00014,38.71265,-97.43659,23.13,1.4716,1.2577,12.3204,CD659 12cm rods,3569
6/7/2017 9:27,3119,"ZONE 00013, ZONE 00014",38.71246,-97.43659,19.85,1.4253,1.2592,10.5308,CD659 12cm rods,3569
6/7/2017 9:27,3120,"ZONE 00013, ZONE 00014",38.71229,-97.43658,19.63,1.4208,1.2246,10.4141,CD659 12cm rods,3569
6/7/2017 9:28,3121,"ZONE 00013, ZONE 00014",38.71211,-97.43658,16.66,1.3767,1.1875,8.9103,CD659 12cm rods,3569
6/7/2017 9:28,3122,ZONE 00013,38.71194,-97.43658,19.51,1.4185,1.212,10.349,CD659 12cm rods,3569
6/7/2017 9:29,3123,ZONE 00013,38.71177,-97.43658,19.33,1.4174,1.2451,10.2591,CD659 12cm rods,3569
6/7/2017 9:29,3124,"ZONE 00006, ZONE 00013",38.71159,-97.43658,23.27,1.475,1.3079,12.3973,CD659 12cm rods,3569
6/7/2017 9:29,3125,"ZONE 00006, ZONE 00007, ZONE 00013",38.71141,-97.43658,19.11,1.4129,1.213,10.1418,CD659 12cm rods,3569
6/7/2017 9:30,3126,"ZONE 00006, ZONE 00007, ZONE 00013",38.71123,-97.43658,21.14,1.4422,1.226,11.2145,CD659 12cm rods,3569
6/7/2017 9:30,3127,"ZONE 00006, ZONE 00007",38.71105,-97.43656,20.48,1.4332,1.2359,10.8604,CD659 12cm rods,3569
6/7/2017 9:31,3128,"ZONE 00006, ZONE 00007",38.71088,-97.43656,19.71,1.4242,1.2802,10.4556,CD659 12cm rods,3569
6/7/2017 9:31,3129,"ZONE 00006, ZONE 00007",38.7109,-97.43679,20.1,1.4343,1.3835,10.6592,CD659 12cm rods,3569
6/7/2017 9:32,3130,"ZONE 00006, ZONE 00007",38.71109,-97.43679,19.19,1.4151,1.2392,10.1852,CD659 12cm rods,3569
6/7/2017 9:32,3131,"ZONE 00006, ZONE 00013",38.71126,-97.4368,17.54,1.388,1.1544,9.348101,CD659 12cm rods,3569
6/7/2017 9:33,3132,"ZONE 00006, ZONE 00013",38.71144,-97.43681,18.76,1.4061,1.1661,9.9634,CD659 12cm rods,3569
6/7/2017 9:33,3133,"ZONE 00006, ZONE 00013",38.71161,-97.43682,16.94,1.3789,1.1474,9.0501,CD659 12cm rods,3569
6/7/2017 9:34,3134,ZONE 00013,38.71179,-97.43683,12.87,1.3168,1.1103,7.1271,CD659 12cm rods,3569
6/7/2017 9:34,3135,ZONE 00013,38.71197,-97.43683,14.7,1.345,1.1268,7.9711,CD659 12cm rods,3569
6/7/2017 9:34,3136,ZONE 00013,38.71215,-97.43681,14.4,1.3428,1.1645,7.8314,CD659 12cm rods,3569
6/7/2017 9:35,3137,"ZONE 00013, ZONE 00014",38.71234,-97.43682,16.76,1.3789,1.2025,8.9622,CD659 12cm rods,3569
6/7/2017 9:35,3138,"ZONE 00013, ZONE 00014",38.71252,-97.43681,17.41,1.3891,1.2204,9.284499,CD659 12cm rods,3569
6/7/2017 9:36,3139,ZONE 00014,38.71271,-97.43681,13.06,1.3213,1.1377,7.2112,CD659 12cm rods,3569
6/7/2017 9:37,3140,ZONE 00014,38.71289,-97.43681,15.81,1.362,1.1379,8.5002,CD659 12cm rods,3569
6/7/2017 9:37,3141,"ZONE 00014, ZONE 00062",38.71307,-97.43681,16.12,1.3676,1.1605,8.6505,CD659 12cm rods,3569
6/7/2017 9:38,3142,ZONE 00062,38.71326,-97.43681,17.74,1.3925,1.1924,9.4484,CD659 12cm rods,3569
6/7/2017 9:38,3143,ZONE 00062,38.71343,-97.4368,16.63,1.3756,1.1718,8.8977,CD659 12cm rods,3569
6/7/2017 9:38,3144,ZONE 00062,38.71361,-97.4368,19.32,1.4162,1.2217,10.2526,CD659 12cm rods,3569
6/7/2017 9:39,3145,ZONE 00062,38.71382,-97.4368,20.38,1.4321,1.2412,10.8108,CD659 12cm rods,3569
6/7/2017 9:39,3146,"ZONE 00021, ZONE 00062",38.71399,-97.43681,22.34,1.4626,1.3236,11.8763,CD659 12cm rods,3569
6/7/2017 9:40,3147,"ZONE 00021, ZONE 00062",38.71418,-97.4368,21.58,1.4513,1.3067,11.454,CD659 12cm rods,3569
6/7/2017 9:40,3148,ZONE 00021,38.71436,-97.43679,19.41,1.4185,1.2459,10.2995,CD659 12cm rods,3569
6/7/2017 9:40,3149,ZONE 00021,38.71454,-97.43679,15.82,1.3654,1.2009,8.5048,CD659 12cm rods,3569
6/7/2017 9:41,3150,ZONE 00021,38.71473,-97.4368,18.28,1.4015,1.2236,9.7191,CD659 12cm rods,3569
6/7/2017 9:41,3151,ZONE 00021,38.71493,-97.43679,18.98,1.4117,1.2296,10.0763,CD659 12cm rods,3569
6/7/2017 9:42,3152,ZONE 00021,38.71511,-97.43679,19.39,1.4174,1.2266,10.2868,CD659 12cm rods,3569
6/7/2017 9:42,3153,[Unspecified Zone],38.71529,-97.43679,16.38,1.3733,1.1977,8.777499,CD659 12cm rods,3569
6/7/2017 9:43,3154,[Unspecified Zone],38.71547,-97.4368,16.94,1.3823,1.2204,9.048201,CD659 12cm rods,3569
6/7/2017 9:43,3155,[Unspecified Zone],38.71565,-97.43679,17.26,1.3869,1.2194,9.2071,CD659 12cm rods,3569
6/7/2017 9:44,3156,ZONE 00029,38.71585,-97.4368,18.87,1.4117,1.2645,10.0205,CD659 12cm rods,3569
6/7/2017 9:44,3157,ZONE 00029,38.71603,-97.43679,19.24,1.4174,1.2744,10.2123,CD659 12cm rods,3569
6/7/2017 9:44,3158,ZONE 00029,38.71621,-97.4368,20.45,1.4355,1.3048,10.844,CD659 12cm rods,3569
6/7/2017 9:45,3159,ZONE 00029,38.71642,-97.43679,17.1,1.3857,1.2417,9.128501,CD659 12cm rods,3569
6/7/2017 9:45,3160,ZONE 00029,38.71659,-97.4368,13.6,1.3337,1.2046,7.4619,CD659 12cm rods,3569
6/7/2017 9:46,3161,"ZONE 00029, ZONE 00032",38.71678,-97.43679,19.14,1.4162,1.2795,10.162,CD659 12cm rods,3569
6/7/2017 9:46,3162,"ZONE 00029, ZONE 00032",38.71696,-97.43679,16.02,1.3699,1.2309,8.601501,CD659 12cm rods,3569
6/7/2017 9:47,3163,ZONE 00032,38.71716,-97.43679,20.8,1.4411,1.3224,11.0331,CD659 12cm rods,3569
6/7/2017 9:47,3164,ZONE 00032,38.71735,-97.43678,21.03,1.4456,1.3519,11.1599,CD659 12cm rods,3569
6/7/2017 9:48,3165,ZONE 00032,38.71753,-97.43678,22.75,1.4705,1.3834,12.1042,CD659 12cm rods,3569
6/7/2017 9:48,3166,ZONE 00032,38.71773,-97.43678,18.23,1.4038,1.286,9.693901,CD659 12cm rods,3569
6/7/2017 9:49,3167,ZONE 00032,38.71795,-97.43677,23.11,1.4784,1.4533,12.3104,CD659 12cm rods,3569
6/7/2017 5:42,583,ZONE 00006,38.71803,-97.43538,27.71,1.5406,1.4489,15.0859,CD659 12cm rods,3710
6/7/2017 5:42,584,ZONE 00006,38.71803,-97.43537,27.71,1.5406,1.4489,15.0859,CD659 12cm rods,3710
6/7/2017 5:42,585,ZONE 00006,38.71803,-97.43537,27.71,1.5406,1.4489,15.0859,CD659 12cm rods,3710
6/7/2017 5:42,586,ZONE 00006,38.71785,-97.43537,28.73,1.5541,1.4095,15.7551,CD659 12cm rods,3710
6/7/2017 5:43,587,ZONE 00006,38.71767,-97.43538,26.42,1.5202,1.3642,14.2731,CD659 12cm rods,3710
6/7/2017 5:43,588,"ZONE 00006, ZONE 00012",38.71748,-97.43537,23.9,1.4829,1.2967,12.759,CD659 12cm rods,3710
6/7/2017 5:43,589,ZONE 00012,38.71729,-97.43538,25.65,1.5078,1.3029,13.7977,CD659 12cm rods,3710
6/7/2017 5:44,590,ZONE 00012,38.71711,-97.43538,27.82,1.5406,1.3844,15.1596,CD659 12cm rods,3710
6/7/2017 5:44,591,ZONE 00012,38.71692,-97.43538,28.24,1.5462,1.3665,15.4327,CD659 12cm rods,3710
6/7/2017 5:44,592,ZONE 00012,38.71673,-97.43537,27.83,1.5406,1.3789,15.1651,CD659 12cm rods,3710
6/7/2017 5:45,593,ZONE 00012,38.71654,-97.43537,27.65,1.5383,1.3944,15.0469,CD659 12cm rods,3710
6/7/2017 5:45,594,ZONE 00012,38.71635,-97.43538,28.78,1.5541,1.3785,15.7837,CD659 12cm rods,3710
6/7/2017 5:45,595,ZONE 00007,38.71616,-97.43539,30.2,1.5756,1.4203,16.7517,CD659 12cm rods,3710
6/7/2017 5:46,596,ZONE 00007,38.71597,-97.43537,27.94,1.5417,1.3617,15.2323,CD659 12cm rods,3710
6/7/2017 5:46,597,ZONE 00007,38.71577,-97.43538,27.3,1.5327,1.3664,14.822,CD659 12cm rods,3710
6/7/2017 5:46,598,ZONE 00007,38.71557,-97.43536,23.73,1.4807,1.3001,12.6617,CD659 12cm rods,3710
6/7/2017 5:46,599,ZONE 00007,38.71542,-97.43537,23.73,1.4807,1.3001,12.6617,CD659 12cm rods,3710
6/7/2017 5:47,600,ZONE 00007,38.71538,-97.43537,24.15,1.4863,1.2923,12.9045,CD659 12cm rods,3710
6/7/2017 5:47,601,ZONE 00007,38.71519,-97.43537,27.12,1.5293,1.322,14.7126,CD659 12cm rods,3710
6/7/2017 5:47,602,ZONE 00007,38.71499,-97.43535,26.71,1.5236,1.3357,14.4516,CD659 12cm rods,3710
6/7/2017 5:48,603,ZONE 00008,38.7148,-97.43536,28.66,1.5519,1.3447,15.7073,CD659 12cm rods,3710
6/7/2017 5:48,604,ZONE 00008,38.71461,-97.43536,22.94,1.4682,1.2519,12.2119,CD659 12cm rods,3710
6/7/2017 5:48,605,ZONE 00008,38.71442,-97.43537,22.11,1.4558,1.2268,11.7469,CD659 12cm rods,3710
6/7/2017 5:48,606,ZONE 00008,38.71423,-97.43537,19.2,1.414,1.2014,10.192,CD659 12cm rods,3710
6/7/2017 5:49,607,ZONE 00008,38.71423,-97.43537,19.2,1.414,1.2014,10.192,CD659 12cm rods,3710
6/7/2017 5:49,608,ZONE 00008,38.71405,-97.43536,18.09,1.397,1.1694,9.625901,CD659 12cm rods,3710
6/7/2017 5:49,609,ZONE 00008,38.71386,-97.43536,15.6,1.3609,1.1592,8.3971,CD659 12cm rods,3710
6/7/2017 5:50,610,"ZONE 00008, ZONE 00009",38.71367,-97.43536,17.97,1.3959,1.1859,9.561601,CD659 12cm rods,3710
6/7/2017 5:50,611,ZONE 00009,38.71347,-97.43536,19.46,1.4174,1.1963,10.3238,CD659 12cm rods,3710
6/7/2017 5:50,612,ZONE 00009,38.71328,-97.43536,16.39,1.371,1.1328,8.7811,CD659 12cm rods,3710
6/7/2017 5:51,613,ZONE 00009,38.7131,-97.43536,21.91,1.4524,1.2071,11.6364,CD659 12cm rods,3710
6/7/2017 5:51,614,ZONE 00009,38.7131,-97.43536,21.91,1.4524,1.2071,11.6364,CD659 12cm rods,3710
6/7/2017 5:51,615,ZONE 00009,38.71291,-97.43536,30.69,1.5824,1.3989,17.0905,CD659 12cm rods,3710
6/7/2017 5:57,616,"ZONE 00009, ZONE 00010",38.71265,-97.43535,30.5,1.5801,1.4327,16.9568,CD659 12cm rods,3710
6/7/2017 5:57,617,"ZONE 00009, ZONE 00010",38.71242,-97.43536,31.65,1.5993,1.5466,17.7831,CD659 12cm rods,3710
6/7/2017 5:58,618,ZONE 00010,38.71223,-97.43536,29.37,1.5654,1.5007,16.1831,CD659 12cm rods,3710
6/7/2017 5:58,619,ZONE 00010,38.71204,-97.43536,25.49,1.5067,1.3458,13.7035,CD659 12cm rods,3710
6/7/2017 5:58,620,ZONE 00010,38.71204,-97.43536,25.49,1.5067,1.3458,13.7035,CD659 12cm rods,3710
6/7/2017 5:58,621,ZONE 00010,38.71186,-97.43537,20.66,1.4366,1.2579,10.9609,CD659 12cm rods,3710
6/7/2017 5:59,622,"ZONE 00010, ZONE 00011",38.71166,-97.43536,26.19,1.5157,1.313,14.1284,CD659 12cm rods,3710
6/7/2017 5:59,623,"ZONE 00010, ZONE 00011",38.71144,-97.43536,22.94,1.4682,1.2511,12.2128,CD659 12cm rods,3710
6/7/2017 5:59,624,ZONE 00011,38.71125,-97.43536,20.91,1.44,1.2555,11.095,CD659 12cm rods,3710
6/7/2017 6:00,625,ZONE 00011,38.71105,-97.43536,23.72,1.4795,1.2603,12.6602,CD659 12cm rods,3710
6/7/2017 6:00,626,ZONE 00011,38.71096,-97.43535,23.72,1.4795,1.2603,12.6602,CD659 12cm rods,3710
6/7/2017 6:00,627,ZONE 00011,38.71089,-97.43535,22.72,1.4682,1.3468,12.0868,CD659 12cm rods,3710
6/7/2017 6:00,628,ZONE 00011,38.71089,-97.4351,27.57,1.5406,1.5128,14.9953,CD659 12cm rods,3710
6/7/2017 6:01,629,ZONE 00011,38.71112,-97.4351,24.33,1.4897,1.3195,13.0143,CD659 12cm rods,3710
6/7/2017 6:01,630,ZONE 00011,38.71131,-97.43509,25.48,1.5067,1.3511,13.6974,CD659 12cm rods,3710
6/7/2017 6:01,631,"ZONE 00010, ZONE 00011",38.71151,-97.43509,25.6,1.5078,1.3322,13.7675,CD659 12cm rods,3710
6/7/2017 6:01,632,"ZONE 00010, ZONE 00011",38.71171,-97.4351,23.31,1.4739,1.2683,12.4214,CD659 12cm rods,3710
6/7/2017 6:02,633,ZONE 00010,38.71191,-97.4351,24.35,1.4897,1.3105,13.0249,CD659 12cm rods,3710
6/7/2017 6:02,634,ZONE 00010,38.7121,-97.4351,25.88,1.5123,1.3526,13.9402,CD659 12cm rods,3710
6/7/2017 6:02,635,ZONE 00010,38.71228,-97.43509,30.52,1.5813,1.4702,16.9767,CD659 12cm rods,3710
6/7/2017 6:03,636,"ZONE 00009, ZONE 00010",38.71246,-97.43508,33.24,1.6242,1.6089,18.9766,CD659 12cm rods,3710
6/7/2017 6:03,637,"ZONE 00009, ZONE 00010",38.71265,-97.43508,34.63,1.6434,1.4778,20.077,CD659 12cm rods,3710
6/7/2017 6:03,638,ZONE 00009,38.71283,-97.43509,25.89,1.5112,1.3016,13.9441,CD659 12cm rods,3710
6/7/2017 6:04,639,ZONE 00009,38.71302,-97.43508,23.24,1.4728,1.2604,12.3846,CD659 12cm rods,3710
6/7/2017 6:04,640,ZONE 00009,38.7132,-97.43508,23.33,1.4739,1.2548,12.4364,CD659 12cm rods,3710
6/7/2017 6:04,641,ZONE 00009,38.7134,-97.43508,17.34,1.3902,1.2533,9.246499,CD659 12cm rods,3710
6/7/2017 6:05,642,"ZONE 00008, ZONE 00009",38.71358,-97.43508,27.2,1.5349,1.4979,14.7572,CD659 12cm rods,3710
6/7/2017 6:05,643,"ZONE 00008, ZONE 00009",38.71376,-97.43508,23.26,1.4761,1.3592,12.3946,CD659 12cm rods,3710
6/7/2017 6:05,644,ZONE 00008,38.71395,-97.43508,22.89,1.4694,1.3123,12.1827,CD659 12cm rods,3710
6/7/2017 6:06,645,ZONE 00008,38.71419,-97.43508,24.54,1.492,1.2986,13.1329,CD659 12cm rods,3710
6/7/2017 6:06,646,ZONE 00008,38.71437,-97.43508,22.92,1.4682,1.2631,12.1991,CD659 12cm rods,3710
6/7/2017 6:06,647,ZONE 00008,38.71456,-97.43508,22.97,1.4694,1.2762,12.2291,CD659 12cm rods,3710
6/7/2017 6:06,648,ZONE 00008,38.71476,-97.43508,28.42,1.5485,1.3505,15.5488,CD659 12cm rods,3710
6/7/2017 6:07,649,ZONE 00007,38.71494,-97.43509,21.81,1.4524,1.2533,11.5822,CD659 12cm rods,3710
6/7/2017 6:07,650,ZONE 00007,38.71511,-97.43508,21.05,1.4411,1.2347,11.1666,CD659 12cm rods,3710
6/7/2017 6:07,651,ZONE 00007,38.71529,-97.43509,21.61,1.4502,1.2673,11.4749,CD659 12cm rods,3710
6/7/2017 6:08,652,ZONE 00007,38.71547,-97.43508,26.83,1.5259,1.3607,14.5262,CD659 12cm rods,3710
6/7/2017 6:08,653,ZONE 00007,38.71566,-97.43508,29.53,1.5666,1.4537,16.2915,CD659 12cm rods,3710
6/7/2017 6:08,654,ZONE 00007,38.71584,-97.43509,32.05,1.6039,1.478,18.075,CD659 12cm rods,3710
6/7/2017 6:09,655,ZONE 00007,38.71603,-97.43509,31.92,1.6027,1.5223,17.9785,CD659 12cm rods,3710
6/7/2017 6:09,656,ZONE 00007,38.71622,-97.43509,25.98,1.5146,1.3846,14.0009,CD659 12cm rods,3710
6/7/2017 6:09,657,ZONE 00012,38.7164,-97.43509,26.26,1.518,1.3646,14.1734,CD659 12cm rods,3710
6/7/2017 6:09,658,ZONE 00012,38.71658,-97.4351,27.57,1.5372,1.3916,14.9989,CD659 12cm rods,3710
6/7/2017 6:10,659,ZONE 00012,38.71675,-97.4351,25.49,1.5067,1.3493,13.6995,CD659 12cm rods,3710
6/7/2017 6:10,660,ZONE 00012,38.71694,-97.4351,22.27,1.4592,1.2632,11.8375,CD659 12cm rods,3710
6/7/2017 6:10,661,ZONE 00012,38.71698,-97.4351,22.27,1.4592,1.2632,11.8375,CD659 12cm rods,3710
6/7/2017 6:10,662,ZONE 00012,38.71712,-97.4351,23.29,1.4739,1.2768,12.4117,CD659 12cm rods,3710
6/7/2017 6:11,663,"ZONE 00012, ZONE 00013",38.71732,-97.43509,20.45,1.4321,1.2167,10.845,CD659 12cm rods,3710
6/7/2017 6:11,664,"ZONE 00006, ZONE 00012, ZONE 00013",38.7175,-97.43509,25.93,1.5123,1.3226,13.9725,CD659 12cm rods,3710
6/7/2017 6:11,665,"ZONE 00006, ZONE 00013",38.71768,-97.43509,24.71,1.4942,1.2898,13.2369,CD659 12cm rods,3710
6/7/2017 6:12,666,"ZONE 00006, ZONE 00013",38.71786,-97.4351,27.37,1.5338,1.3736,14.8652,CD659 12cm rods,3710
6/7/2017 6:12,667,"ZONE 00006, ZONE 00013",38.71801,-97.43511,28.01,1.5451,1.4587,15.2815,CD659 12cm rods,3710
6/7/2017 6:12,668,"ZONE 00006, ZONE 00013",38.71801,-97.43487,23.97,1.4863,1.3711,12.803,CD659 12cm rods,3710
6/7/2017 6:13,669,"ZONE 00006, ZONE 00013",38.71782,-97.43487,18.84,1.4095,1.2165,10.0044,CD659 12cm rods,3710
6/7/2017 6:13,670,"ZONE 00006, ZONE 00013",38.71763,-97.43486,18.28,1.4015,1.2151,9.719,CD659 12cm rods,3710
6/7/2017 6:13,671,"ZONE 00012, ZONE 00013",38.71744,-97.43486,24.09,1.4852,1.2773,12.8741,CD659 12cm rods,3710
6/7/2017 6:14,672,"ZONE 00012, ZONE 00013",38.71725,-97.43486,25.43,1.5044,1.2894,13.6662,CD659 12cm rods,3710
6/7/2017 6:14,673,ZONE 00012,38.71706,-97.43486,20.43,1.4321,1.224,10.8354,CD659 12cm rods,3710
6/7/2017 6:14,674,"ZONE 00012, ZONE 00014",38.71687,-97.43485,26.45,1.5202,1.3504,14.288,CD659 12cm rods,3710
6/7/2017 6:15,675,"ZONE 00012, ZONE 00014",38.71669,-97.43485,23.09,1.4716,1.2964,12.2957,CD659 12cm rods,3710
6/7/2017 6:15,676,"ZONE 00012, ZONE 00014",38.7165,-97.43486,23.35,1.475,1.2862,12.4465,CD659 12cm rods,3710
6/7/2017 6:15,677,"ZONE 00012, ZONE 00014",38.71632,-97.43486,25.67,1.5101,1.3807,13.8081,CD659 12cm rods,3710
6/7/2017 6:16,678,"ZONE 00007, ZONE 00014",38.71611,-97.43485,28.07,1.5451,1.4295,15.317,CD659 12cm rods,3710
6/7/2017 6:16,679,ZONE 00007,38.71592,-97.43485,23.55,1.4784,1.3069,12.5601,CD659 12cm rods,3710
6/7/2017 6:16,680,"ZONE 00007, ZONE 00015",38.71573,-97.43486,26.48,1.5202,1.328,14.3105,CD659 12cm rods,3710
6/7/2017 6:16,681,"ZONE 00007, ZONE 00015",38.71555,-97.43486,23.41,1.4761,1.2987,12.4775,CD659 12cm rods,3710
6/7/2017 6:17,682,"ZONE 00007, ZONE 00015",38.71537,-97.43487,29.22,1.562,1.4506,16.0815,CD659 12cm rods,3710
6/7/2017 6:17,683,"ZONE 00007, ZONE 00015",38.71517,-97.43485,33.33,1.6253,1.6006,19.0447,CD659 12cm rods,3710
6/7/2017 6:17,684,ZONE 00015,38.71498,-97.43486,23.64,1.4795,1.3044,12.6098,CD659 12cm rods,3710
6/7/2017 6:18,685,ZONE 00008,38.71479,-97.43486,24.21,1.4863,1.2567,12.9418,CD659 12cm rods,3710
6/7/2017 6:18,686,ZONE 00008,38.7146,-97.43486,24.03,1.4841,1.2695,12.8358,CD659 12cm rods,3710
6/7/2017 6:18,687,ZONE 00008,38.71441,-97.43485,27.04,1.5281,1.3272,14.6583,CD659 12cm rods,3710
6/7/2017 6:19,688,"ZONE 00008, ZONE 00016",38.71423,-97.43484,22.47,1.4626,1.2823,11.9485,CD659 12cm rods,3710
6/7/2017 6:19,689,"ZONE 00008, ZONE 00016",38.71404,-97.43484,25.93,1.5123,1.3226,13.9724,CD659 12cm rods,3710
6/7/2017 6:19,690,"ZONE 00008, ZONE 00016",38.71385,-97.43484,24.4,1.4897,1.2835,13.0549,CD659 12cm rods,3710
6/7/2017 6:20,691,"ZONE 00008, ZONE 00009, ZONE 00016",38.71367,-97.43484,23.43,1.475,1.2474,12.49,CD659 12cm rods,3710
6/7/2017 6:20,692,"ZONE 00009, ZONE 00016",38.71349,-97.43484,25.68,1.5101,1.374,13.8166,CD659 12cm rods,3710
6/7/2017 6:20,693,ZONE 00009,38.7133,-97.43484,20.43,1.4332,1.2541,10.8364,CD659 12cm rods,3710
6/7/2017 6:21,694,ZONE 00009,38.71312,-97.43484,19.53,1.4196,1.2277,10.3632,CD659 12cm rods,3710
6/7/2017 6:21,695,ZONE 00009,38.71294,-97.43484,23.7,1.4795,1.2724,12.6472,CD659 12cm rods,3710
6/7/2017 6:21,696,"ZONE 00009, ZONE 00017",38.71275,-97.43484,28.14,1.5462,1.4316,15.3666,CD659 12cm rods,3710
6/7/2017 6:22,697,"ZONE 00009, ZONE 00010, ZONE 00017",38.71256,-97.43484,32.98,1.6197,1.5806,18.7754,CD659 12cm rods,3710
6/7/2017 6:22,698,"ZONE 00010, ZONE 00017",38.71237,-97.43484,34.41,1.6412,1.5741,19.8961,CD659 12cm rods,3710
6/7/2017 6:22,699,"ZONE 00010, ZONE 00017",38.71219,-97.43484,29.09,1.5609,1.4819,15.992,CD659 12cm rods,3710
6/7/2017 6:23,700,"ZONE 00010, ZONE 00017",38.712,-97.43484,31.21,1.5914,1.4782,17.463,CD659 12cm rods,3710
6/7/2017 6:23,701,ZONE 00010,38.71182,-97.43483,31.24,1.5914,1.4534,17.4848,CD659 12cm rods,3710
6/7/2017 6:23,702,ZONE 00010,38.71164,-97.43483,29.2,1.5609,1.4117,16.0678,CD659 12cm rods,3710
6/7/2017 6:24,703,ZONE 00011,38.71145,-97.43483,28.29,1.5474,1.3919,15.4606,CD659 12cm rods,3710
6/7/2017 6:24,704,"ZONE 00011, ZONE 00018",38.71127,-97.43483,29.93,1.5734,1.498,16.5654,CD659 12cm rods,3710
6/7/2017 6:24,705,"ZONE 00011, ZONE 00018",38.71107,-97.43482,25.33,1.5055,1.3865,13.6039,CD659 12cm rods,3710
6/7/2017 6:25,706,"ZONE 00011, ZONE 00018",38.7109,-97.4348,23.46,1.4795,1.3783,12.507,CD659 12cm rods,3710
6/7/2017 6:25,707,"ZONE 00011, ZONE 00018",38.7109,-97.43453,21.13,1.4479,1.3767,11.2107,CD659 12cm rods,3710
6/7/2017 6:25,708,"ZONE 00011, ZONE 00018",38.71109,-97.43453,21.13,1.4479,1.3767,11.2107,CD659 12cm rods,3710
6/7/2017 6:26,709,"ZONE 00011, ZONE 00018",38.71128,-97.43452,24.6,1.4931,1.3097,13.1679,CD659 12cm rods,3710
6/7/2017 6:26,710,ZONE 00018,38.71146,-97.43452,27.37,1.5338,1.3688,14.8701,CD659 12cm rods,3710
6/7/2017 6:27,711,[Unspecified Zone],38.71164,-97.43452,27.04,1.5293,1.3752,14.6614,CD659 12cm rods,3710
6/7/2017 6:27,712,"ZONE 00010, ZONE 00017",38.71182,-97.43452,29.07,1.5587,1.3962,15.9769,CD659 12cm rods,3710
6/7/2017 6:27,713,"ZONE 00010, ZONE 00017",38.712,-97.43452,32.97,1.6186,1.5289,18.7689,CD659 12cm rods,3710
6/7/2017 6:28,714,"ZONE 00010, ZONE 00017",38.71219,-97.43451,34.83,1.6491,1.6539,20.2362,CD659 12cm rods,3710
6/7/2017 6:28,715,ZONE 00017,38.71239,-97.43452,38.29,1.7067,1.8063,23.2789,CD659 12cm rods,3710
6/7/2017 6:28,716,ZONE 00017,38.71259,-97.43451,35.11,1.6547,1.713,20.4692,CD659 12cm rods,3710
6/7/2017 6:29,717,ZONE 00017,38.71277,-97.43451,33.7,1.631,1.6043,19.3345,CD659 12cm rods,3710
6/7/2017 6:29,718,"ZONE 00009, ZONE 00017",38.71297,-97.43451,26.12,1.5157,1.3554,14.0848,CD659 12cm rods,3710
6/7/2017 6:29,719,ZONE 00009,38.71314,-97.43452,17.95,1.3959,1.1905,9.5546,CD659 12cm rods,3710
6/7/2017 6:30,720,"ZONE 00009, ZONE 00016",38.71333,-97.43452,19.2,1.4151,1.2298,10.1921,CD659 12cm rods,3710
6/7/2017 6:30,721,ZONE 00016,38.71352,-97.43451,21.02,1.4422,1.2753,11.1543,CD659 12cm rods,3710
6/7/2017 6:30,722,ZONE 00016,38.71371,-97.43451,17.75,1.3982,1.2952,9.4537,CD659 12cm rods,3710
6/7/2017 6:30,723,ZONE 00016,38.7139,-97.43451,29.29,1.5666,1.5792,16.1251,CD659 12cm rods,3710
6/7/2017 6:31,724,"ZONE 00008, ZONE 00016",38.71409,-97.4345,33.05,1.6242,1.7174,18.8239,CD659 12cm rods,3710
6/7/2017 6:31,725,"ZONE 00008, ZONE 00016",38.71429,-97.43452,21.98,1.4569,1.3152,11.6761,CD659 12cm rods,3710
6/7/2017 6:31,726,[Unspecified Zone],38.71451,-97.43451,28.3,1.5485,1.4338,15.4682,CD659 12cm rods,3710
6/7/2017 6:32,727,[Unspecified Zone],38.71469,-97.4345,25.34,1.5044,1.3426,13.6102,CD659 12cm rods,3710
6/7/2017 6:32,728,ZONE 00015,38.71487,-97.43449,28.87,1.5564,1.4265,15.8428,CD659 12cm rods,3710
6/7/2017 6:32,729,ZONE 00015,38.71505,-97.43449,23.5,1.4784,1.3307,12.529,CD659 12cm rods,3710
6/7/2017 6:33,730,ZONE 00015,38.71523,-97.43449,25.3,1.5044,1.3619,13.5869,CD659 12cm rods,3710
6/7/2017 6:33,731,ZONE 00015,38.71543,-97.43448,20.72,1.4377,1.2671,10.9911,CD659 12cm rods,3710
6/7/2017 6:33,732,"ZONE 00007, ZONE 00015",38.71562,-97.43448,27.91,1.5417,1.3779,15.2172,CD659 12cm rods,3710
6/7/2017 6:34,733,ZONE 00015,38.71581,-97.43448,22.96,1.4694,1.2828,12.2211,CD659 12cm rods,3710
6/7/2017 6:34,734,"ZONE 00014, ZONE 00015",38.71599,-97.43447,28.76,1.5541,1.3935,15.7703,CD659 12cm rods,3710
6/7/2017 6:34,735,ZONE 00014,38.71618,-97.43446,26.91,1.5281,1.4032,14.5791,CD659 12cm rods,3710
6/7/2017 6:35,736,ZONE 00014,38.71637,-97.43446,20.79,1.4366,1.2072,11.0284,CD659 12cm rods,3710
6/7/2017 6:35,737,"ZONE 00012, ZONE 00014",38.7166,-97.43446,21.71,1.4502,1.2272,11.5258,CD659 12cm rods,3710
6/7/2017 6:36,738,"ZONE 00012, ZONE 00014",38.7168,-97.43446,29.12,1.5598,1.4174,16.0097,CD659 12cm rods,3710
6/7/2017 6:36,739,"ZONE 00012, ZONE 00014",38.71699,-97.43446,25.67,1.5078,1.2896,13.8103,CD659 12cm rods,3710
6/7/2017 6:36,740,"ZONE 00012, ZONE 00013, ZONE 00014",38.71717,-97.43446,22.11,1.4558,1.2265,11.7473,CD659 12cm rods,3710
6/7/2017 6:37,741,"ZONE 00012, ZONE 00013",38.71735,-97.43445,20.57,1.4343,1.2312,10.9116,CD659 12cm rods,3710
6/7/2017 6:37,742,ZONE 00013,38.71754,-97.43445,20.21,1.4287,1.2153,10.7189,CD659 12cm rods,3710
6/7/2017 6:37,743,ZONE 00013,38.71773,-97.43443,18.27,1.3982,1.1339,9.713901,CD659 12cm rods,3710
6/7/2017 6:38,744,ZONE 00013,38.71783,-97.43443,18.27,1.3982,1.1339,9.713901,CD659 12cm rods,3710
6/7/2017 6:38,745,ZONE 00013,38.71791,-97.43444,30.34,1.5813,1.5787,16.8443,CD659 12cm rods,3710
6/7/2017 6:38,746,ZONE 00013,38.718,-97.43443,30.03,1.5779,1.6077,16.6325,CD659 12cm rods,3710
6/7/2017 6:39,747,ZONE 00013,38.71799,-97.43421,30.28,1.579,1.5234,16.808,CD659 12cm rods,3710
6/7/2017 6:39,748,ZONE 00013,38.71782,-97.4342,22.86,1.4671,1.2516,12.1669,CD659 12cm rods,3710
6/7/2017 6:39,749,ZONE 00013,38.71764,-97.4342,21.48,1.4468,1.2194,11.4035,CD659 12cm rods,3710
6/7/2017 6:40,750,ZONE 00013,38.71747,-97.4342,22.39,1.4603,1.2467,11.9023,CD659 12cm rods,3710
6/7/2017 6:40,751,ZONE 00013,38.7173,-97.4342,19.6,1.4185,1.1705,10.3987,CD659 12cm rods,3710
6/7/2017 6:41,752,"ZONE 00013, ZONE 00014",38.71711,-97.43419,17.92,1.3959,1.2007,9.5387,CD659 12cm rods,3710
6/7/2017 6:41,753,ZONE 00014,38.71692,-97.43418,20.39,1.4298,1.1728,10.814,CD659 12cm rods,3710
6/7/2017 6:41,754,ZONE 00014,38.71671,-97.43418,23.3,1.4739,1.2717,12.4176,CD659 12cm rods,3710
6/7/2017 6:42,755,ZONE 00014,38.71652,-97.43418,21.1,1.4411,1.2099,11.1975,CD659 12cm rods,3710
6/7/2017 6:42,756,ZONE 00014,38.71652,-97.43418,21.1,1.4411,1.2099,11.1975,CD659 12cm rods,3710
6/7/2017 6:42,757,ZONE 00014,38.71633,-97.43418,23.89,1.4829,1.3013,12.7536,CD659 12cm rods,3710
6/7/2017 6:43,758,ZONE 00014,38.71613,-97.43418,24.14,1.4863,1.2936,12.903,CD659 12cm rods,3710
6/7/2017 6:44,759,"ZONE 00014, ZONE 00015",38.71591,-97.43418,29.89,1.5711,1.4241,16.5341,CD659 12cm rods,3710
6/7/2017 6:44,760,ZONE 00015,38.71571,-97.43418,23.75,1.4818,1.3263,12.6755,CD659 12cm rods,3710
6/7/2017 6:44,761,ZONE 00015,38.71553,-97.43418,20.4,1.4321,1.2368,10.818,CD659 12cm rods,3710
6/7/2017 6:45,762,ZONE 00015,38.71535,-97.43417,20.5,1.4343,1.2569,10.8757,CD659 12cm rods,3710
6/7/2017 6:45,763,ZONE 00015,38.71535,-97.43417,20.5,1.4343,1.2569,10.8757,CD659 12cm rods,3710
6/7/2017 6:46,764,ZONE 00015,38.71496,-97.43418,16.77,1.3778,1.1612,8.9678,CD659 12cm rods,3710
6/7/2017 6:46,765,ZONE 00015,38.71477,-97.43418,31.29,1.5937,1.5284,17.5228,CD659 12cm rods,3710
6/7/2017 6:46,766,[Unspecified Zone],38.71459,-97.43417,27.97,1.5451,1.4801,15.2531,CD659 12cm rods,3710
6/7/2017 6:47,767,ZONE 00016,38.71439,-97.43417,19.31,1.4174,1.2469,10.2498,CD659 12cm rods,3710
6/7/2017 6:47,768,ZONE 00016,38.7142,-97.43417,18.37,1.4015,1.1856,9.763801,CD659 12cm rods,3710
6/7/2017 6:47,769,ZONE 00016,38.71398,-97.43417,20.91,1.44,1.2577,11.092,CD659 12cm rods,3710
6/7/2017 6:48,770,ZONE 00016,38.7138,-97.43416,16.99,1.3823,1.1921,9.0741,CD659 12cm rods,3710
6/7/2017 6:48,771,ZONE 00016,38.7138,-97.43416,16.99,1.3823,1.1921,9.0741,CD659 12cm rods,3710
6/7/2017 6:48,772,ZONE 00016,38.71357,-97.43416,18.81,1.4106,1.2534,9.987399,CD659 12cm rods,3710
6/7/2017 6:49,773,ZONE 00016,38.71339,-97.43416,28.11,1.5451,1.405,15.344,CD659 12cm rods,3710
6/7/2017 6:49,774,ZONE 00016,38.7132,-97.43416,30.52,1.5813,1.4765,16.9704,CD659 12cm rods,3710
6/7/2017 6:49,775,ZONE 00017,38.71302,-97.43416,30.86,1.5858,1.4465,17.2167,CD659 12cm rods,3710
6/7/2017 6:50,776,ZONE 00017,38.71284,-97.43416,26.53,1.5214,1.348,14.3401,CD659 12cm rods,3710
6/7/2017 6:50,777,ZONE 00017,38.71265,-97.43416,33.01,1.6197,1.5617,18.7954,CD659 12cm rods,3710
6/7/2017 6:50,778,ZONE 00017,38.71246,-97.43416,30.97,1.5903,1.5804,17.2898,CD659 12cm rods,3710
6/7/2017 6:50,779,ZONE 00017,38.7124,-97.43416,30.97,1.5903,1.5804,17.2898,CD659 12cm rods,3710
6/7/2017 6:51,780,ZONE 00017,38.71228,-97.43416,30.8,1.5869,1.54,17.1746,CD659 12cm rods,3710
6/7/2017 6:51,781,ZONE 00017,38.71209,-97.43416,30.68,1.5835,1.4666,17.0894,CD659 12cm rods,3710
6/7/2017 6:51,782,ZONE 00017,38.71191,-97.43416,27.91,1.5417,1.3788,15.2164,CD659 12cm rods,3710
6/7/2017 6:52,783,[Unspecified Zone],38.71173,-97.43416,23.51,1.4773,1.2887,12.536,CD659 12cm rods,3710
6/7/2017 6:52,784,ZONE 00018,38.71153,-97.43416,25.57,1.5078,1.3471,13.7508,CD659 12cm rods,3710
6/7/2017 6:52,785,ZONE 00018,38.71134,-97.43416,25.41,1.5044,1.3012,13.6548,CD659 12cm rods,3710
6/7/2017 6:53,786,ZONE 00018,38.71115,-97.43414,24.83,1.4965,1.3149,13.3049,CD659 12cm rods,3710
6/7/2017 6:53,787,ZONE 00018,38.71106,-97.43414,24.83,1.4965,1.3149,13.3049,CD659 12cm rods,3710
6/7/2017 6:53,788,ZONE 00018,38.71097,-97.43415,23.03,1.4728,1.3517,12.2654,CD659 12cm rods,3710
6/7/2017 6:54,789,ZONE 00018,38.71093,-97.43414,23.03,1.4728,1.3517,12.2654,CD659 12cm rods,3710
6/7/2017 6:54,790,ZONE 00018,38.71089,-97.43411,24.07,1.4886,1.397,12.86,CD659 12cm rods,3710
6/7/2017 6:54,791,ZONE 00018,38.7109,-97.43382,22.19,1.4603,1.3278,11.7936,CD659 12cm rods,3710
6/7/2017 6:55,792,ZONE 00018,38.71107,-97.4338,21.69,1.4513,1.268,11.5184,CD659 12cm rods,3710
6/7/2017 6:55,793,ZONE 00018,38.71125,-97.43379,26.02,1.5146,1.3635,14.0263,CD659 12cm rods,3710
6/7/2017 6:56,794,"ZONE 00018, ZONE 00022",38.71144,-97.43378,28.21,1.5462,1.3933,15.4076,CD659 12cm rods,3710
6/7/2017 6:56,795,ZONE 00022,38.71166,-97.43378,28.36,1.5496,1.4447,15.5079,CD659 12cm rods,3710
6/7/2017 6:56,796,"ZONE 00017, ZONE 00022",38.71185,-97.43378,32.33,1.6095,1.5587,18.2809,CD659 12cm rods,3710
6/7/2017 6:57,797,"ZONE 00017, ZONE 00022",38.71206,-97.43377,31.97,1.605,1.5863,18.0196,CD659 12cm rods,3710
6/7/2017 6:57,798,ZONE 00017,38.71227,-97.43376,22.51,1.4637,1.3015,11.9683,CD659 12cm rods,3710
6/7/2017 6:57,799,ZONE 00017,38.71246,-97.43376,34.08,1.6366,1.6021,19.6326,CD659 12cm rods,3710
6/7/2017 6:58,800,ZONE 00017,38.7127,-97.43378,27.59,1.5372,1.3806,15.0104,CD659 12cm rods,3710
6/7/2017 6:58,801,ZONE 00017,38.71288,-97.43378,26.71,1.5247,1.3823,14.4525,CD659 12cm rods,3710
6/7/2017 6:59,802,ZONE 00017,38.71306,-97.43378,21.69,1.4513,1.2681,11.5183,CD659 12cm rods,3710
6/7/2017 6:59,803,ZONE 00016,38.71326,-97.43378,24.75,1.4942,1.2668,13.2597,CD659 12cm rods,3710
6/7/2017 6:59,804,ZONE 00016,38.71345,-97.43378,21.98,1.4547,1.2483,11.6772,CD659 12cm rods,3710
6/7/2017 7:00,805,ZONE 00016,38.71365,-97.43378,18.95,1.4106,1.2052,10.0626,CD659 12cm rods,3710
6/7/2017 7:00,806,ZONE 00016,38.71385,-97.43378,20.68,1.4355,1.2212,10.9679,CD659 12cm rods,3710
6/7/2017 7:00,807,"ZONE 00016, ZONE 00020",38.7141,-97.43377,18.29,1.3993,1.1567,9.723801,CD659 12cm rods,3710
6/7/2017 7:01,808,"ZONE 00016, ZONE 00020",38.71428,-97.43378,27.65,1.5372,1.339,15.0492,CD659 12cm rods,3710
6/7/2017 7:01,809,ZONE 00020,38.71447,-97.43377,26.87,1.527,1.3811,14.5544,CD659 12cm rods,3710
6/7/2017 7:01,810,ZONE 00019,38.71467,-97.43376,22.67,1.466,1.3011,12.0602,CD659 12cm rods,3710
6/7/2017 7:01,811,"ZONE 00015, ZONE 00019",38.71485,-97.43376,21.92,1.4535,1.2404,11.6424,CD659 12cm rods,3710
6/7/2017 7:02,812,"ZONE 00015, ZONE 00019",38.71504,-97.43376,22.83,1.4671,1.2653,12.1511,CD659 12cm rods,3710
6/7/2017 7:02,813,"ZONE 00015, ZONE 00019",38.71523,-97.43376,23.99,1.4841,1.2921,12.8111,CD659 12cm rods,3710
6/7/2017 7:02,814,"ZONE 00015, ZONE 00019",38.71541,-97.43376,25.17,1.501,1.2996,13.5124,CD659 12cm rods,3710
6/7/2017 7:03,815,"ZONE 00015, ZONE 00019",38.71562,-97.43375,30.93,1.5858,1.3846,17.2614,CD659 12cm rods,3710
6/7/2017 7:03,816,ZONE 00015,38.71584,-97.43375,23.21,1.4728,1.2783,12.3639,CD659 12cm rods,3710
6/7/2017 7:04,817,ZONE 00014,38.71603,-97.43375,22.18,1.4569,1.2311,11.7865,CD659 12cm rods,3710
6/7/2017 7:04,818,ZONE 00014,38.71622,-97.43376,25.55,1.5055,1.2642,13.7364,CD659 12cm rods,3710
6/7/2017 7:04,819,ZONE 00014,38.7164,-97.43382,21.34,1.4456,1.2468,11.3257,CD659 12cm rods,3710
6/7/2017 7:05,820,ZONE 00014,38.71656,-97.43386,25.24,1.501,1.257,13.5521,CD659 12cm rods,3710
6/7/2017 7:05,821,ZONE 00014,38.71674,-97.43391,24.35,1.4886,1.2693,13.0226,CD659 12cm rods,3710
6/7/2017 7:05,822,ZONE 00014,38.71691,-97.43395,22.54,1.4637,1.2875,11.9871,CD659 12cm rods,3710
6/7/2017 7:06,823,ZONE 00014,38.71711,-97.43399,22.7,1.466,1.2885,12.0769,CD659 12cm rods,3710
6/7/2017 7:06,824,ZONE 00013,38.7173,-97.43402,23.34,1.4739,1.2504,12.4412,CD659 12cm rods,3710
6/7/2017 7:06,825,ZONE 00013,38.71748,-97.43407,24.75,1.4954,1.311,13.2616,CD659 12cm rods,3710
6/7/2017 7:07,826,ZONE 00013,38.71768,-97.4341,25.27,1.5021,1.2877,13.5721,CD659 12cm rods,3710
6/7/2017 7:07,827,ZONE 00013,38.71786,-97.43412,26.87,1.5259,1.3352,14.5514,CD659 12cm rods,3710
6/7/2017 7:07,828,ZONE 00013,38.71796,-97.43414,34.97,1.6525,1.7099,20.3504,CD659 12cm rods,3710
6/7/2017 7:08,829,ZONE 00013,38.71795,-97.43387,41.26,1.7576,1.8395,26.2787,CD659 12cm rods,3710
6/7/2017 7:08,830,ZONE 00013,38.71777,-97.43383,30.52,1.5801,1.4093,16.9754,CD659 12cm rods,3710
6/7/2017 7:09,831,ZONE 00013,38.71759,-97.43379,26.74,1.5281,1.4834,14.4692,CD659 12cm rods,3710
6/7/2017 7:09,832,ZONE 00013,38.71741,-97.43376,26.82,1.5259,1.3676,14.5189,CD659 12cm rods,3710
6/7/2017 7:09,833,[Unspecified Zone],38.71723,-97.43371,31.18,1.5926,1.5473,17.4449,CD659 12cm rods,3710
6/7/2017 7:10,834,ZONE 00014,38.71704,-97.43368,34.91,1.6513,1.7,20.302,CD659 12cm rods,3710
6/7/2017 7:10,835,ZONE 00014,38.71685,-97.43363,31.39,1.5948,1.5179,17.5901,CD659 12cm rods,3710
6/7/2017 7:10,836,ZONE 00014,38.71667,-97.43359,33.54,1.6287,1.6105,19.2098,CD659 12cm rods,3710
6/7/2017 7:11,837,ZONE 00014,38.71648,-97.43353,31.91,1.6027,1.5277,17.973,CD659 12cm rods,3710
6/7/2017 7:11,838,ZONE 00014,38.71629,-97.43348,33.5,1.6299,1.6817,19.1777,CD659 12cm rods,3710
6/7/2017 7:12,839,[Unspecified Zone],38.71608,-97.43343,29.79,1.5734,1.5709,16.4679,CD659 12cm rods,3710
6/7/2017 7:12,840,[Unspecified Zone],38.7159,-97.4334,31.69,1.6005,1.5721,17.8093,CD659 12cm rods,3710
6/7/2017 7:13,841,ZONE 00019,38.71572,-97.43335,32.71,1.6163,1.6096,18.5671,CD659 12cm rods,3710
6/7/2017 7:13,842,ZONE 00019,38.71552,-97.4333,27.1,1.5327,1.4683,14.6977,CD659 12cm rods,3710
6/7/2017 7:13,843,ZONE 00019,38.71534,-97.43325,25.95,1.5146,1.3973,13.9846,CD659 12cm rods,3710
6/7/2017 7:14,844,ZONE 00019,38.71516,-97.43321,28.42,1.5507,1.4532,15.5501,CD659 12cm rods,3710
6/7/2017 7:14,845,ZONE 00019,38.71516,-97.43321,28.42,1.5507,1.4532,15.5501,CD659 12cm rods,3710
6/7/2017 7:15,846,ZONE 00019,38.71497,-97.43317,22.31,1.4626,1.3448,11.859,CD659 12cm rods,3710
6/7/2017 7:15,847,"ZONE 00019, ZONE 00020",38.71478,-97.43312,28.11,1.5451,1.4052,15.3439,CD659 12cm rods,3710
6/7/2017 7:15,848,"ZONE 00019, ZONE 00020",38.7146,-97.43307,26.46,1.5214,1.3896,14.2936,CD659 12cm rods,3710
6/7/2017 7:16,849,ZONE 00020,38.71444,-97.43304,31.83,1.6005,1.4727,17.9117,CD659 12cm rods,3710
6/7/2017 7:16,850,ZONE 00020,38.71426,-97.433,32.44,1.6129,1.6321,18.363,CD659 12cm rods,3710
6/7/2017 7:17,851,ZONE 00020,38.71424,-97.43298,32.44,1.6129,1.6321,18.363,CD659 12cm rods,3710
6/7/2017 7:17,852,ZONE 00020,38.71409,-97.43295,36.59,1.6773,1.7031,21.7251,CD659 12cm rods,3710
6/7/2017 7:17,853,ZONE 00020,38.7139,-97.43291,37.04,1.6841,1.6814,22.1239,CD659 12cm rods,3710
6/7/2017 7:18,854,ZONE 00020,38.71373,-97.43286,33.56,1.6276,1.5388,19.2223,CD659 12cm rods,3710
6/7/2017 7:18,855,ZONE 00021,38.71354,-97.43282,30.95,1.5926,1.6612,17.2788,CD659 12cm rods,3710
6/7/2017 7:19,856,ZONE 00021,38.71338,-97.43277,32.43,1.6118,1.5901,18.3596,CD659 12cm rods,3710
6/7/2017 7:19,857,ZONE 00021,38.7132,-97.43272,36.78,1.6796,1.6528,21.8979,CD659 12cm rods,3710
6/7/2017 7:19,858,ZONE 00021,38.71302,-97.43269,41.04,1.7531,1.7801,26.0483,CD659 12cm rods,3710
6/7/2017 7:20,859,ZONE 00021,38.7129,-97.43266,43.06,1.7994,2.2623,28.334,CD659 12cm rods,3710
6/7/2017 7:20,860,ZONE 00021,38.7129,-97.43266,43.19,1.8017,2.2607,28.4913,CD659 12cm rods,3710
6/7/2017 7:27,861,ZONE 00021,38.71292,-97.43256,34.28,1.6434,1.7571,19.7892,CD659 12cm rods,3710
6/7/2017 7:27,862,ZONE 00021,38.71309,-97.4326,42.95,1.7904,1.9762,28.2028,CD659 12cm rods,3710
6/7/2017 7:27,863,ZONE 00021,38.71327,-97.43266,41.37,1.7598,1.8562,26.4028,CD659 12cm rods,3710
6/7/2017 7:28,864,ZONE 00021,38.71346,-97.43269,45.41,1.8378,1.9792,31.3104,CD659 12cm rods,3710
6/7/2017 7:28,865,ZONE 00020,38.71364,-97.43273,42.23,1.7768,1.9488,27.3677,CD659 12cm rods,3710
6/7/2017 7:28,866,ZONE 00020,38.71384,-97.43277,38.64,1.7112,1.7375,23.6126,CD659 12cm rods,3710
6/7/2017 7:29,867,ZONE 00020,38.71401,-97.43282,38.89,1.7146,1.6781,23.8514,CD659 12cm rods,3710
6/7/2017 7:29,868,ZONE 00020,38.71418,-97.43286,39.87,1.7327,1.7881,24.825,CD659 12cm rods,3710
6/7/2017 7:29,869,ZONE 00020,38.71436,-97.43291,41.98,1.7711,1.8846,27.0769,CD659 12cm rods,3710
6/7/2017 7:30,870,"ZONE 00019, ZONE 00020",38.71453,-97.43295,41.96,1.7711,1.9,27.0626,CD659 12cm rods,3710
6/7/2017 7:30,871,"ZONE 00019, ZONE 00020",38.7147,-97.43298,35.71,1.6615,1.5847,20.9665,CD659 12cm rods,3710
6/7/2017 7:31,872,"ZONE 00019, ZONE 00020",38.71488,-97.43304,30.24,1.5767,1.4485,16.7805,CD659 12cm rods,3710
6/7/2017 7:31,873,ZONE 00019,38.7151,-97.43308,26.32,1.5202,1.4183,14.2069,CD659 12cm rods,3710
6/7/2017 7:32,874,ZONE 00019,38.71531,-97.43314,24.44,1.4908,1.3061,13.0773,CD659 12cm rods,3710
6/7/2017 7:32,875,ZONE 00019,38.71551,-97.43319,27.43,1.5349,1.3801,14.9091,CD659 12cm rods,3710
6/7/2017 7:32,876,ZONE 00019,38.71569,-97.43323,18.67,1.4083,1.2455,9.9171,CD659 12cm rods,3710
6/7/2017 7:33,877,[Unspecified Zone],38.71592,-97.43328,16.23,1.3756,1.2636,8.704499,CD659 12cm rods,3710
6/7/2017 7:33,878,[Unspecified Zone],38.71611,-97.43333,31.83,1.6005,1.4719,17.9124,CD659 12cm rods,3710
6/7/2017 7:34,879,ZONE 00014,38.71629,-97.43337,29.72,1.5677,1.3633,16.4226,CD659 12cm rods,3710
6/7/2017 7:34,880,ZONE 00014,38.71646,-97.43342,35.07,1.6513,1.5703,20.4351,CD659 12cm rods,3710
6/7/2017 7:34,881,ZONE 00014,38.71666,-97.43347,33.87,1.6333,1.5935,19.464,CD659 12cm rods,3710
6/7/2017 7:35,882,ZONE 00014,38.71684,-97.43352,23.8,1.4829,1.3395,12.7051,CD659 12cm rods,3710
6/7/2017 7:35,883,[Unspecified Zone],38.71706,-97.43356,28.63,1.5541,1.4698,15.6879,CD659 12cm rods,3710
6/7/2017 7:36,884,[Unspecified Zone],38.71722,-97.43359,29.41,1.5654,1.4788,16.2099,CD659 12cm rods,3710
6/7/2017 7:36,885,[Unspecified Zone],38.7174,-97.43363,30.54,1.5813,1.4591,16.9874,CD659 12cm rods,3710
6/7/2017 7:36,886,ZONE 00013,38.71758,-97.43368,32.46,1.6107,1.5188,18.3782,CD659 12cm rods,3710
6/7/2017 7:37,887,ZONE 00013,38.71775,-97.43371,32.47,1.6118,1.5686,18.3846,CD659 12cm rods,3710
6/7/2017 7:38,888,ZONE 00013,38.71793,-97.43376,35.64,1.6626,1.7055,20.9112,CD659 12cm rods,3710
6/7/2017 7:49,889,ZONE 00021,38.71273,-97.43279,42.86,1.7904,2.0633,28.0935,CD659 12cm rods,3710
6/7/2017 7:49,890,ZONE 00021,38.71274,-97.43298,42.86,1.7904,2.0633,28.0935,CD659 12cm rods,3710
6/7/2017 7:49,891,ZONE 00021,38.71274,-97.43298,32.69,1.6152,1.5745,18.5507,CD659 12cm rods,3710
6/7/2017 7:50,892,ZONE 00021,38.71275,-97.43319,32.16,1.6061,1.5116,18.1582,CD659 12cm rods,3710
6/7/2017 7:50,893,"ZONE 00017, ZONE 00021",38.71274,-97.43341,28.71,1.5541,1.4231,15.7413,CD659 12cm rods,3710
6/7/2017 7:51,894,"ZONE 00017, ZONE 00021",38.71256,-97.43341,29.34,1.5632,1.427,16.1589,CD659 12cm rods,3710
6/7/2017 7:51,895,ZONE 00021,38.71258,-97.43316,30.63,1.5824,1.4494,17.0508,CD659 12cm rods,3710
6/7/2017 7:51,896,ZONE 00021,38.7126,-97.43294,33.7,1.631,1.6072,19.3314,CD659 12cm rods,3710
6/7/2017 7:52,897,ZONE 00021,38.71262,-97.43273,43,1.7949,2.1422,28.266,CD659 12cm rods,3710
6/7/2017 7:52,898,ZONE 00021,38.71243,-97.4327,41.43,1.7632,1.985,26.4667,CD659 12cm rods,3710
6/7/2017 7:52,899,"ZONE 00021, ZONE 00022",38.71241,-97.43293,34.57,1.6446,1.6246,20.0268,CD659 12cm rods,3710
6/7/2017 7:53,900,"ZONE 00021, ZONE 00022",38.71238,-97.43317,32.01,1.6039,1.5105,18.0464,CD659 12cm rods,3710
6/7/2017 7:53,901,"ZONE 00017, ZONE 00022",38.71236,-97.43338,26.97,1.5304,1.4532,14.6162,CD659 12cm rods,3710
6/7/2017 7:53,902,"ZONE 00017, ZONE 00022",38.71218,-97.43337,34.69,1.6457,1.5874,20.1224,CD659 12cm rods,3710
6/7/2017 7:54,903,ZONE 00022,38.7122,-97.43314,32.63,1.614,1.5634,18.5052,CD659 12cm rods,3710
6/7/2017 7:54,904,"ZONE 00021, ZONE 00022",38.71224,-97.43291,33.33,1.6242,1.5452,19.0427,CD659 12cm rods,3710
6/7/2017 7:55,905,"ZONE 00021, ZONE 00022",38.71225,-97.4327,38.92,1.7192,1.9034,23.8801,CD659 12cm rods,3710
6/7/2017 7:55,906,ZONE 00022,38.71207,-97.43263,41.37,1.7587,1.7637,26.3993,CD659 12cm rods,3710
6/7/2017 7:56,907,ZONE 00022,38.71202,-97.43284,39.06,1.7192,1.8017,24.0108,CD659 12cm rods,3710
6/7/2017 7:56,908,ZONE 00022,38.71198,-97.43306,33.53,1.6299,1.669,19.1955,CD659 12cm rods,3710
6/7/2017 7:56,909,ZONE 00022,38.71193,-97.43327,37.45,1.6909,1.6892,22.4964,CD659 12cm rods,3710
6/7/2017 7:57,910,ZONE 00022,38.71173,-97.43327,29.2,1.562,1.4621,16.0687,CD659 12cm rods,3710
6/7/2017 7:57,911,ZONE 00022,38.71175,-97.43304,31.18,1.5926,1.5499,17.4417,CD659 12cm rods,3710
6/7/2017 7:57,912,ZONE 00022,38.71175,-97.43304,31.18,1.5926,1.5499,17.4417,CD659 12cm rods,3710
6/7/2017 7:58,913,ZONE 00022,38.71177,-97.43281,36.46,1.6762,1.747,21.6111,CD659 12cm rods,3710
6/7/2017 7:58,914,ZONE 00022,38.71178,-97.43257,34.09,1.6378,1.6505,19.6378,CD659 12cm rods,3710
6/7/2017 7:59,915,"ZONE 00022, ZONE 00023",38.71161,-97.43253,34.54,1.6457,1.6968,20.0011,CD659 12cm rods,3710
6/7/2017 7:59,916,"ZONE 00022, ZONE 00023",38.71156,-97.43275,34.53,1.6446,1.658,19.9895,CD659 12cm rods,3710
6/7/2017 7:59,917,ZONE 00022,38.71152,-97.43297,38.67,1.7146,1.8858,23.637,CD659 12cm rods,3710
6/7/2017 8:00,918,ZONE 00022,38.71148,-97.43319,29.17,1.5632,1.5234,16.0451,CD659 12cm rods,3710
6/7/2017 8:00,919,ZONE 00022,38.71131,-97.43317,35.75,1.6683,1.8538,21.0022,CD659 12cm rods,3710
6/7/2017 8:00,920,"ZONE 00022, ZONE 00023",38.71132,-97.43296,34.25,1.6434,1.7725,19.7636,CD659 12cm rods,3710
6/7/2017 8:01,921,"ZONE 00022, ZONE 00023",38.71132,-97.43272,31.8,1.6039,1.639,17.8895,CD659 12cm rods,3710
6/7/2017 8:01,922,"ZONE 00022, ZONE 00023",38.71134,-97.43251,29.15,1.5632,1.5319,16.0332,CD659 12cm rods,3710
6/7/2017 8:01,923,"ZONE 00022, ZONE 00023",38.71134,-97.43243,33.99,1.6344,1.5508,19.5623,CD659 12cm rods,3710
6/7/2017 8:02,924,ZONE 00023,38.71116,-97.43239,32.19,1.6073,1.546,18.1805,CD659 12cm rods,3710
6/7/2017 8:02,925,ZONE 00023,38.71113,-97.4326,22.97,1.4728,1.374,12.2309,CD659 12cm rods,3710
6/7/2017 8:02,926,"ZONE 00022, ZONE 00023",38.71113,-97.43283,33.25,1.6242,1.6046,18.9816,CD659 12cm rods,3710
6/7/2017 8:03,927,"ZONE 00022, ZONE 00023",38.71112,-97.43305,31.41,1.5971,1.5956,17.6081,CD659 12cm rods,3710
6/7/2017 8:03,928,ZONE 00023,38.71093,-97.43304,32.59,1.6174,1.7109,18.4774,CD659 12cm rods,3710
6/7/2017 8:04,929,ZONE 00023,38.71093,-97.43282,34.64,1.6479,1.7257,20.083,CD659 12cm rods,3710
6/7/2017 8:04,930,ZONE 00023,38.71094,-97.43259,42.92,1.7938,2.1551,28.1683,CD659 12cm rods,3710
6/7/2017 8:04,931,ZONE 00023,38.71095,-97.43237,30.73,1.5892,1.6532,17.1211,CD659 12cm rods,3710
6/7/2017 8:04,932,ZONE 00023,38.71095,-97.43237,30.73,1.5892,1.6532,17.1211,CD659 12cm rods,3710
